id,text,label
1,Finalize investor presentation for Q3 board meeting,rock
2,Review pull requests from junior developers,pebble
3,Organize desk drawer,sand
4,Implement OAuth2 authentication for production API,rock
5,Respond to customer support tickets,pebble
6,Watch trending YouTube videos,sand
7,Design disaster recovery plan for database,rock
8,Update project documentation,pebble
9,Sort old emails into folders,sand
10,Develop machine learning model for fraud detection,rock
11,Prepare agenda for team meeting,pebble
12,Play mobile game during lunch break,sand
13,Refactor monolithic service into microservices,rock
14,Write unit tests for new components,pebble
15,Update LinkedIn profile picture,sand
16,Conduct security audit before compliance deadline,rock
17,Attend optional DevOps workshop,pebble
18,Browse social media feeds,sand
19,Optimize database queries for payment processing,rock
20,Create Jira tickets for next sprint,pebble
21,Water office plants,sand
22,Prepare SEC filing documents [deadline],rock
23,Comment on code reviews,pebble
24,Organize browser bookmarks,sand
25,Implement real-time analytics dashboard,rock
26,Respond to Slack messages,pebble
27,Delete old screenshots from desktop,sand
28,Lead architecture design session for new platform,rock
29,Update README with setup instructions,pebble
30,Color-code notebook tabs,sand
31,Debug production outage in payment system,rock
32,Research new testing frameworks,pebble
33,Watch cat videos online,sand
34,Present quarterly results to executive team,rock
35,Document API endpoints,pebble
36,Untangle headphone wires,sand
37,Develop algorithm for portfolio optimization,rock
38,Plan team building activity,pebble
39,Scroll through news feed,sand
40,Negotiate cloud infrastructure contract,rock
41,Write monthly progress report,pebble
42,Clean keyboard keys,sand
43,Design authentication service for zero-trust architecture,rock
44,Attend daily standup meeting,pebble
45,Play solitaire during commute,sand
46,Implement CI/CD pipeline for core services,rock
47,Triage bug reports,pebble
48,Organize pens by color,sand
49,Prepare legal documents for funding round,rock
50,Update dependency versions,pebble
51,Check personal email,sand
52,Architect data migration strategy for legacy systems,rock
53,Create onboarding checklist for new hires,pebble
54,Update phone wallpaper,sand
55,Develop load testing framework for API gateway,rock
56,Respond to calendar invites,pebble
57,Sort recycling bins,sand
58,Implement distributed tracing for microservices,rock
59,Write blog post about recent project,pebble
60,Watch unboxing videos,sand
61,Design GDPR compliance framework,rock
62,Prepare slides for brown bag session,pebble
63,Organize digital photo library,sand
64,Optimize neural network hyperparameters,rock
65,Update Confluence documentation,pebble
66,Play casual mobile game,sand
67,Lead incident post-mortem for major outage,rock
68,Review analytics dashboard metrics,pebble
69,Clean out wallet,sand
70,Develop business continuity plan,rock
71,Schedule 1:1 meetings with team,pebble
72,Browse online shopping sites,sand
73,Implement feature flags for gradual rollout,rock
74,Test accessibility compliance,pebble
75,Delete old text messages,sand
76,Design A/B testing framework,rock
77,Update style guide documentation,pebble
78,Organize spice rack alphabetically,sand
79,Prepare materials for investor due diligence,rock
80,Label PRs with appropriate tags,pebble
81,Watch streaming service recommendations,sand
82,Refactor legacy authentication service,rock
83,Archive old project branches,pebble
84,Color adult coloring book,sand
85,Implement real-time fraud detection system,rock
86,Write integration tests,pebble
87,Play puzzle games,sand
88,Design Kubernetes cluster autoscaling,rock
89,Update team OKRs,pebble
90,Sort laundry by color,sand
91,Develop predictive model for customer churn,rock
92,Respond to internal survey,pebble
93,Check personal social media,sand
94,Optimize frontend bundle size for production,rock
95,Create retrospective notes,pebble
96,Window-shop online,sand
97,Implement dark mode for enterprise dashboard,rock
98,Review monitoring alerts,pebble
99,Organize desktop icons,sand
100,Prepare materials for SOC2 audit,rock
101,Update third-party library dependencies,pebble
102,Watch TikTok dance challenges,sand
103,Design blockchain integration for payments,rock
104,Write documentation for new API,pebble
105,Clean makeup brushes,sand
106,Implement zero-day vulnerability patch,rock
107,Coordinate meeting room bookings,pebble
108,Play word puzzle game,sand
109,Develop quantitative trading strategy,rock
110,Review customer feedback reports,pebble
111,Organize streaming subscriptions,sand
112,Architect multi-cloud deployment strategy,rock
113,Test backup restoration process,pebble
114,Sort sock drawer by color,sand
115,Prepare IPO documentation [deadline],rock
116,Update project timeline in Jira,pebble
117,Browse Reddit threads,sand
118,Implement HIPAA-compliant data encryption,rock
119,Write performance reviews,pebble
120,Watch unboxing videos,sand
121,Design fault-tolerant microservices architecture,rock
122,Create user training materials,pebble
123,Delete old voicemails,sand
124,Optimize high-frequency trading algorithm,rock
125,Respond to non-urgent emails,pebble
126,Play mobile RPG game,sand
127,Develop patient health monitoring system,rock
128,Update security group policies,pebble
129,Organize kitchen utensils,sand
130,Implement FedNow integration for payments,rock
131,Label and organize cables,pebble
132,Scroll through Instagram stories,sand
133,Design PCI-DSS compliant payment gateway,rock
134,Archive old project documentation,pebble
135,Clean coffee maker,sand
136,Prepare for FINRA examination,rock
137,Update team contact list,pebble
138,Watch cooking tutorials,sand
139,Develop telemedicine platform architecture,rock
140,Test disaster recovery failover,pebble
141,Delete duplicate photos,sand
142,Implement algorithmic stock rebalancing,rock
143,Write meeting minutes,pebble
144,Organize bookshelf by genre,sand
145,Design FDA-compliant clinical trial software,rock
146,Update onboarding documentation,pebble
147,Browse online forums,sand
148,Optimize credit risk assessment model,rock
149,Coordinate vendor meetings,pebble
150,Play idle clicker game,sand
151,Implement real-time market data pipeline,rock
152,Create code style guidelines,pebble
153,Water indoor plants,sand
154,Develop AML transaction monitoring system,rock
155,Respond to calendar invites,pebble
156,Watch streaming highlights,sand
157,Design robotic surgery control system,rock
158,Update wiki with troubleshooting tips,pebble
159,Organize digital music library,sand
160,Prepare materials for SEC audit,rock
161,Test API rate limiting,pebble
162,Clean eyeglasses,sand
163,Implement predictive maintenance for hospital equipment,rock
164,Write quarterly newsletter,pebble
165,Check personal finance app,sand
166,Develop dark pool trading integration,rock
167,Review pull request guidelines,pebble
168,Play sudoku puzzles,sand
169,Design genomic data processing pipeline,rock
170,Update incident response playbook,pebble
171,Organize pantry shelves,sand
172,Optimize tax-loss harvesting algorithm,rock
173,Create team recognition awards,pebble
174,Watch unboxing videos,sand
175,Implement HL7 FHIR interface for EHR,rock
176,Test data backup procedures,pebble
177,Delete old browser cookies,sand
178,Develop quantitative risk model for derivatives,rock
179,Update project status dashboard,pebble
180,Browse travel blogs,sand
181,Design insulin dosage calculation system,rock
182,Prepare sprint demo materials,pebble
183,Color-code closet hangers,sand
184,Implement SWIFT payment processing,rock
185,Write technical blog post,pebble
186,Play match-3 mobile game,sand
187,Develop predictive sepsis detection model,rock
188,Review accessibility audit report,pebble
189,Organize desk cables,sand
190,Prepare for CFTC examination,rock
191,Update employee handbook,pebble
192,Watch cat compilation videos,sand
193,Design blockchain-based medical records,rock
194,Archive old Slack channels,pebble
195,Clean refrigerator coils,sand
196,Implement high-frequency trading signal generator,rock
197,Respond to non-critical Slack messages,pebble
198,Scroll through Pinterest,sand
199,Develop robotic process automation for claims processing,rock
200,Create team knowledge-sharing schedule,pebble
201,Organize bathroom cabinet,sand
202,Design MRI image analysis AI,rock
203,Test network security configurations,pebble
204,Watch ASMR videos,sand
205,Implement real-time fraud detection for credit cards,rock
206,Update deployment checklist,pebble
207,Delete unused browser extensions,sand
208,Optimize private equity portfolio model,rock
209,Write documentation for release process,pebble
210,Browse real estate listings,sand
211,Develop patient appointment scheduling system,rock
212,Coordinate team lunch orders,pebble
213,Organize spice jars,sand
214,Implement Basel III compliance reporting,rock
215,Review error logging patterns,pebble
216,Play mobile racing game,sand
217,Design clinical trial management system,rock
218,Update architecture decision records,pebble
219,Clean computer monitor,sand
220,Prepare materials for FDIC audit,rock
221,Test data encryption at rest,pebble
222,Watch YouTube product reviews,sand
223,Develop algorithmic options pricing model,rock
224,Create code review checklist,pebble
225,Organize digital bookmarks,sand
226,Implement HIPAA-compliant messaging system,rock
227,Respond to non-urgent support tickets,pebble
228,Play solitaire,sand
229,Design radiation therapy planning software,rock
230,Update disaster recovery runbook,pebble
231,Sort recycling,sand
232,Optimize cryptocurrency arbitrage strategy,rock
233,Write team anniversary acknowledgments,pebble
234,Browse meme pages,sand
235,Develop predictive readmission risk model,rock
236,Test multi-factor authentication setup,pebble
237,Clean phone screen,sand
238,Implement MiFID II transaction reporting,rock
239,Update API versioning policy,pebble
240,Watch streaming trailers,sand
241,Design ICU patient monitoring dashboard,rock
242,Prepare quarterly team presentation,pebble
243,Organize sock pairs,sand
244,Implement SEC Rule 613 compliance,rock
245,Review cloud cost optimization report,pebble
246,Play idle factory game,sand
247,Develop genomic variant annotation pipeline,rock
248,Create internal tools documentation,pebble
249,Delete old downloads folder,sand
250,Prepare for PRA regulatory review,rock
251,Update team skills matrix,pebble
252,Check personal investments,sand
253,Design pharmacy inventory management system,rock
254,Test API authentication flows,pebble
255,Organize jewelry box,sand
256,Implement high-performance order matching engine,rock
257,Write post-mortem action items,pebble
258,Watch unboxing videos,sand
259,Develop AI-powered radiology assistant,rock
260,Coordinate cross-team sync meeting,pebble
261,Clean air vents,sand
262,Optimize hedge fund liquidity model,rock
263,Update code quality metrics dashboard,pebble
264,Browse recipe websites,sand
265,Design electronic health record integration,rock
266,Prepare release notes,pebble
267,Organize closet by season,sand
268,Implement FATCA compliance reporting,rock
269,Review customer support SLAs,pebble
270,Play mobile tower defense game,sand
271,Develop predictive maintenance for manufacturing,rock
272,Test data anonymization procedures,pebble
273,Delete old contacts,sand
274,Design quantitative investment strategy,rock
275,Update team meeting templates,pebble
276,Watch makeup tutorials,sand
277,Implement medical billing automation,rock
278,Create onboarding buddy guidelines,pebble
279,Organize tool drawer,sand
280,Prepare for CCPA compliance audit,rock
281,Respond to non-critical emails,pebble
282,Scroll through Twitter feed,sand
283,Develop algorithmic trading backtester,rock
284,Test database replication,pebble
285,Clean car dashboard,sand
286,Design patient triage prioritization system,rock
287,Update internal knowledge base,pebble
288,Watch gaming streams,sand
289,Implement real-time market surveillance,rock
290,Write technical specifications document,pebble
291,Organize pantry items,sand
292,Optimize credit scoring model,rock
293,Create team social event poll,pebble
294,Browse fashion blogs,sand
295,Develop clinical decision support system,rock
296,Test backup power systems,pebble
297,Delete unused mobile apps,sand
298,Implement GDPR data subject access requests,rock
299,Update code signing certificates,pebble
300,Watch dance challenge videos,sand
301,Design emergency room workflow system,rock
302,Prepare quarterly business review slides,pebble
303,Organize desk accessories,sand
304,Develop quantitative macro trading model,rock
305,Review application performance metrics,pebble
306,Play mobile puzzle game,sand
307,Implement HIPAA audit trail logging,rock
308,Update vendor risk assessment,pebble
309,Clean computer keyboard,sand
310,Prepare for SOX compliance audit,rock
311,Test firewall rule changes,pebble
312,Watch unboxing videos,sand
313,Design infusion pump monitoring software,rock
314,Create team recognition program,pebble
315,Sort old magazines,sand
316,Optimize market-making algorithm,rock
317,Write user manual for internal tool,pebble
318,Browse travel photography,sand
319,Develop predictive epidemic modeling,rock
320,Coordinate office supply order,pebble
321,Organize bathroom drawers,sand
322,Implement SEC Form PF reporting,rock
323,Review infrastructure as code templates,pebble
324,Play word search game,sand
325,Design telepsychiatry platform,rock
326,Update employee training materials,pebble
327,Clean microwave oven,sand
328,Develop high-frequency trading risk controls,rock
329,Test data backup integrity,pebble
330,Scroll through LinkedIn,sand
331,Implement medical image compression algorithm,rock
332,Create code documentation standards,pebble
333,Delete old notes,sand
334,Design quantitative factor model,rock
335,Prepare team holiday schedule,pebble
336,Watch cooking competition shows,sand
337,Develop patient medication adherence system,rock
338,Test network latency improvements,pebble
339,Organize gift wrap supplies,sand
340,Implement anti-money laundering checks,rock
341,Update post-incident review process,pebble
342,Browse interior design ideas,sand
343,Design surgical robot control interface,rock
344,Review API rate limit policies,pebble
345,Clean window blinds,sand
346,Prepare for CFTC Rule 1.31 compliance,rock
347,Respond to non-urgent calendar invites,pebble
348,Play mobile card game,sand
349,Develop predictive hospital bed allocation,rock
350,Test database failover procedures,pebble
351,Organize digital files,sand
352,Optimize portfolio stress testing model,rock
353,Write team newsletter,pebble
354,Watch DIY project videos,sand
355,Implement real-time insurance claims processing,rock
356,Update security awareness training,pebble
357,Delete old browser history,sand
358,Design clinical trial participant matching,rock
359,Create retrospective action items,pebble
360,Browse celebrity news,sand
361,Develop algorithmic volatility trading,rock
362,Test backup generator systems,pebble
363,Clean shoes,sand
364,Implement MiFIR transaction reporting,rock
365,Update code review guidelines,pebble
366,Watch sports highlights,sand
367,Design remote patient monitoring platform,rock
368,Prepare department budget proposal,pebble
369,Organize craft supplies,sand
370,Optimize hedge fund risk model,rock
371,Respond to team feedback survey,pebble
372,Play mobile trivia game,sand
373,Develop AI-powered pathology assistant,rock
374,Test multi-region deployment,pebble
375,Delete old playlists,sand
376,Design pharmacy benefit management system,rock
377,Update incident communication template,pebble
378,Watch pet videos,sand
379,Implement SEC Rule 17a-4 compliance,rock
380,Review cloud security posture,pebble
381,Clean coffee stains,sand
382,Develop quantitative credit default model,rock
383,Create team onboarding roadmap,pebble
384,Browse car reviews,sand
385,Design blood bank inventory system,rock
386,Test application scaling limits,pebble
387,Organize holiday decorations,sand
388,Optimize market-neutral strategy,rock
389,Write post-release checklist,pebble
390,Watch movie trailers,sand
391,Implement real-time surgical monitoring,rock
392,Coordinate team offsite planning,pebble
393,Clean refrigerator shelves,sand
394,Prepare for NYDFS cybersecurity regulation,rock
395,Update data retention policies,pebble
396,Scroll through Twitter,sand
397,Develop predictive loan default model,rock
398,Test data encryption in transit,pebble
399,Organize garage tools,sand
400,Design clinical decision algorithm,rock
401,Respond to non-critical messages,pebble
402,Play mobile arcade game,sand
403,Implement FATF travel rule compliance,rock
404,Update architecture diagram,pebble
405,Clean eyeglass lenses,sand
406,Develop high-frequency trading simulation,rock
407,Review customer satisfaction metrics,pebble
408,Watch tech review videos,sand
409,Design hospital resource allocation system,rock
410,Prepare team performance metrics,pebble
411,Organize gift cards,sand
412,Optimize statistical arbitrage model,rock
413,Create code quality dashboard,pebble
414,Browse hiking trail maps,sand
415,Develop medication interaction database,rock
416,Test disaster recovery communications,pebble
417,Delete old voicemails,sand
418,Implement SEC Form ADV reporting,rock
419,Update business continuity plan,pebble
420,Watch dance tutorials,sand
421,Design robotic rehabilitation system,rock
422,Coordinate internship program,pebble
423,Organize pantry spices,sand
424,Develop quantitative value-at-risk model,rock
425,Review application security scans,pebble
426,Play mobile shooting game,sand
427,Implement HIPAA-compliant video consultations,rock
428,Test backup restoration documentation,pebble
429,Clean computer fans,sand
430,Prepare for GLBA compliance audit,rock
431,Update team goals documentation,pebble
432,Scroll through Facebook,sand
433,Develop AI-powered drug discovery pipeline,rock
434,Create incident severity matrix,pebble
435,Organize board games,sand
436,Optimize pairs trading strategy,rock
437,Write technical white paper,pebble
438,Watch home improvement shows,sand
439,Design clinical documentation improvement,rock
440,Test network segmentation,pebble
441,Clean shower head,sand
442,Implement real-time payment fraud detection,rock
443,Update release management process,pebble
444,Browse furniture catalogs,sand
445,Develop epidemic spread simulation,rock
446,Coordinate team volunteer event,pebble
447,Organize kitchen cabinets,sand
448,Design quantitative market impact model,rock
449,Review database indexing strategy,pebble
450,Play mobile sports game,sand
451,Implement medical device cybersecurity,rock
452,Test data backup frequency,pebble
453,Delete old calendar events,sand
454,Prepare for MAS cybersecurity regulation,rock
455,Update code deployment checklist,pebble
456,Watch comedy sketches,sand
457,Develop patient portal interface,rock
458,Create team skill development plan,pebble
459,Organize cleaning supplies,sand
460,Optimize statistical factor model,rock
461,Respond to team recognition posts,pebble
462,Browse gardening tips,sand
463,Design clinical trial randomization system,rock
464,Test application rollback procedure,pebble
465,Clean window sills,sand
466,Implement AIFMD reporting compliance,rock
467,Update infrastructure diagrams,pebble
468,Watch magic trick videos,sand
469,Develop predictive hospital admission model,rock
470,Coordinate diversity training sessions,pebble
471,Organize gift wrapping paper,sand
472,Design quantitative liquidity model,rock
473,Review API gateway configurations,pebble
474,Play mobile puzzle adventure,sand
475,Implement real-time vital signs monitoring,rock
476,Test cold storage backup access,pebble
477,Delete old screenshots,sand
478,Prepare for CSSF regulatory review,rock
479,Update team communication guidelines,pebble
480,Scroll through Pinterest,sand
481,Develop medication adherence app,rock
482,Create post-incident improvement plan,pebble
483,Organize winter clothes,sand
484,Optimize momentum trading strategy,rock
485,Write technical FAQ document,pebble
486,Watch science documentaries,sand
487,Design blood pressure monitoring system,rock
488,Test database encryption,pebble
489,Clean computer peripherals,sand
490,Implement SEC Rule 15c3-5 compliance,rock
491,Update risk assessment framework,pebble
492,Browse photography portfolios,sand
493,Develop AI-powered mental health assessment,rock
494,Coordinate new hire orientation,pebble
495,Organize tool cabinet,sand
496,Design quantitative sentiment analysis,rock
497,Review cloud resource tagging,pebble
498,Play mobile word game,sand
499,Implement HIPAA-compliant messaging,rock
500,Test backup media rotation,pebble
501,Delete old notes,sand
502,Prepare for FCA regulatory examination,rock
503,Update team values documentation,pebble
504,Watch travel vlogs,sand
505,Develop patient discharge planning,rock
506,Create code reuse guidelines,pebble
507,Organize summer clothes,sand
508,Optimize statistical arbitrage,rock
509,Respond to non-urgent requests,pebble
510,Browse art galleries online,sand
511,Design clinical trial data management,rock
512,Test application performance monitoring,pebble
513,Clean keyboard keys,sand
514,Implement MiCA compliance reporting,rock
515,Update security awareness materials,pebble
516,Watch unboxing videos,sand
517,Develop predictive disease outbreak model,rock
518,Coordinate team building activities,pebble
519,Organize holiday cards,sand
520,Design quantitative market-making model,rock
521,Review database backup schedules,pebble
522,Play mobile racing game,sand
523,Implement real-time insurance fraud detection,rock
524,Test disaster recovery documentation,pebble
525,Delete old bookmarks,sand
526,Prepare for HKMA cybersecurity review,rock
527,Update incident response plan,pebble
528,Scroll through Instagram,sand
529,Develop electronic prescription system,rock
530,Create team knowledge repository,pebble
531,Organize gift bags,sand
532,Optimize mean-reversion strategy,rock
533,Write technical case study,pebble
534,Watch cooking shows,sand
535,Design hospital bed tracking system,rock
536,Test network firewall rules,pebble
537,Clean mouse pad,sand
538,Implement Basel IV compliance,rock
539,Update code quality standards,pebble
540,Browse fashion magazines online,sand
541,Develop predictive patient no-show model,rock
542,Coordinate mentorship program,pebble
543,Organize craft materials,sand
544,Design quantitative volatility forecasting,rock
545,Review application logging strategy,pebble
546,Play mobile strategy game,sand
547,Implement medical image analysis AI,rock
548,Test backup verification process,pebble
549,Delete old files,sand
550,Prepare for OSFI regulatory compliance,rock
551,Update team objectives,pebble
552,Watch animal documentaries,sand
553,Develop clinical trial supply chain system,rock
554,Create post-mortem template,pebble
555,Organize pantry items,sand
556,Optimize statistical risk model,rock
557,Respond to team satisfaction survey,pebble
558,Browse home decor ideas,sand
559,Design patient education platform,rock
560,Test data replication latency,pebble
561,Clean water bottles,sand
562,Implement real-time payment monitoring,rock
563,Update release engineering process,pebble
564,Watch movie reviews,sand
565,Develop epidemic contact tracing app,rock
566,Coordinate diversity event,pebble
567,Organize shoes,sand
568,Design quantitative yield curve model,rock
569,Review cloud cost allocation,pebble
570,Play mobile puzzle game,sand
571,Implement HIPAA-compliant telehealth,rock
572,Test backup power systems,pebble
573,Delete old messages,sand
574,Prepare for CSSF regulatory audit,rock
575,Update team handbook,pebble
576,Scroll through Reddit,sand
577,Develop medication reconciliation system,rock
578,Create incident classification matrix,pebble
579,Organize seasonal decorations,sand
580,Optimize pairs trading algorithm,rock
581,Write technical best practices,pebble
582,Watch DIY repair videos,sand
583,Design clinical trial participant portal,rock
584,Test network bandwidth,pebble
585,Clean computer case,sand
586,Implement real-time sanctions screening,rock
587,Update deployment runbook,pebble
588,Browse recipe websites,sand
589,Develop predictive hospital staffing model,rock
590,Coordinate team appreciation event,pebble
591,Organize bathroom toiletries,sand
592,Design quantitative macroeconomic model,rock
593,Review API security configurations,pebble
594,Play mobile RPG game,sand
595,Implement medical billing compliance,rock
596,Test backup restoration time,pebble
597,Delete old contacts,sand
598,Prepare for FINMA regulatory review,rock
599,Update code review process,pebble
600,Watch comedy specials,sand
601,Develop patient symptom checker,rock
602,Create team training schedule,pebble
603,Organize desk supplies,sand
604,Optimize statistical market model,rock
605,Respond to non-critical notifications,pebble
606,Browse travel destinations,sand
607,Design clinical trial randomization,rock
608,Test application auto-scaling,pebble
609,Clean monitor stand,sand
610,Implement AIFMD compliance reporting,rock
611,Update infrastructure documentation,pebble
612,Watch magic shows,sand
613,Develop predictive epidemic spread,rock
614,Coordinate inclusion training,pebble
615,Organize gift wrap,sand
616,Design quantitative portfolio optimization,rock
617,Review database query performance,pebble
618,Play mobile word puzzle,sand
619,Implement real-time patient monitoring,rock
620,Test cold backup retrieval,pebble
621,Delete old downloads,sand
622,Prepare for MAS regulatory compliance,rock
623,Update team communication plan,pebble
624,Scroll through Pinterest,sand
625,Develop electronic health record analytics,rock
626,Create post-incident action tracker,pebble
627,Organize winter accessories,sand
628,Optimize momentum strategy,rock
629,Write technical overview document,pebble
630,Watch science experiments,sand
631,Design blood glucose monitoring system,rock
632,Test data encryption keys,pebble
633,Clean keyboard cover,sand
634,Implement SEC Rule 17a-3 compliance,rock
635,Update risk management framework,pebble
636,Browse photography tutorials,sand
637,Develop AI-powered suicide risk assessment,rock
638,Coordinate onboarding sessions,pebble
639,Organize tool chest,sand
640,Design quantitative factor investing,rock
641,Review cloud resource optimization,pebble
642,Play mobile card game,sand
643,Implement HIPAA-compliant patient portal,rock
644,Test backup media verification,pebble
645,Delete old notes,sand
646,Prepare for FCA regulatory examination,rock
647,Update team mission statement,pebble
648,Watch travel documentaries,sand
649,Develop patient discharge instructions,rock
650,Create code documentation template,pebble
651,Organize summer accessories,sand
652,Optimize statistical arbitrage model,rock
653,Respond to non-urgent pings,pebble
654,Browse art history websites,sand
655,Design clinical trial data capture,rock
656,Test application performance,pebble
657,Clean mouse,sand
658,Implement MiCA reporting compliance,rock
659,Update security training materials,pebble
660,Watch unboxing videos,sand
661,Develop predictive disease model,rock
662,Coordinate team social event,pebble
663,Organize holiday decorations,sand
664,Design quantitative market model,rock
665,Review database maintenance schedules,pebble
666,Play mobile racing game,sand
667,Implement real-time insurance claims fraud,rock
668,Test disaster recovery plan,pebble
669,Delete old bookmarks,sand
670,Prepare for HKMA regulatory review,rock
671,Update incident management plan,pebble
672,Scroll through Facebook,sand
673,Develop e-prescribing integration,rock
674,Create team knowledge base,pebble
675,Organize gift tags,sand
676,Optimize mean-reversion trading,rock
677,Write technical case analysis,pebble
678,Watch cooking competitions,sand
679,Design hospital equipment tracking,rock
680,Test network security groups,pebble
681,Clean desk mat,sand
682,Implement Basel IV compliance framework,rock
683,Update code quality metrics,pebble
684,Browse fashion lookbooks,sand
685,Develop predictive patient appointment model,rock
686,Coordinate mentorship initiatives,pebble
687,Organize craft supplies,sand
688,Design quantitative volatility model,rock
689,Review application monitoring strategy,pebble
690,Play mobile strategy game,sand
691,Implement medical image recognition,rock
692,Test backup validation,pebble
693,Delete old files,sand
694,Prepare for OSFI regulatory audit,rock
695,Update team goals,pebble
696,Watch nature documentaries,sand
697,Develop clinical trial inventory system,rock
698,Create post-mortem documentation,pebble
699,Organize pantry shelves,sand
700,Optimize statistical risk assessment,rock
701,Respond to team feedback,pebble
702,Browse interior design portfolios,sand
703,Design patient education materials,rock
704,Test data synchronization,pebble
705,Clean water glasses,sand
706,Implement real-time payment fraud alerts,rock
707,Update release management documentation,pebble
708,Watch film analysis videos,sand
709,Develop epidemic hotspot prediction,rock
710,Coordinate diversity initiative,pebble
711,Organize shoes by type,sand
712,Design quantitative yield model,rock
713,Review cloud cost reports,pebble
714,Play mobile puzzle,sand
715,Implement HIPAA-compliant messaging platform,rock
716,Test backup generator,pebble
717,Delete old messages,sand
718,Prepare for CSSF regulatory examination,rock
719,Update team policies,pebble
720,Scroll through Twitter,sand
721,Develop medication management system,rock
722,Create incident severity framework,pebble
723,Organize seasonal items,sand
724,Optimize pairs trading strategy,rock
725,Write technical guidelines,pebble
726,Watch repair tutorials,sand
727,Design clinical trial enrollment system,rock
728,Test network performance,pebble
729,Clean computer internals,sand
730,Implement real-time sanctions monitoring,rock
731,Update deployment procedures,pebble
732,Browse cooking websites,sand
733,Develop predictive nursing staff model,rock
734,Coordinate team recognition,pebble
735,Organize bathroom products,sand
736,Design quantitative macro model,rock
737,Review API security settings,pebble
738,Play mobile RPG,sand
739,Implement medical coding compliance,rock
740,Test backup restoration process,pebble
741,Delete old contacts,sand
742,Prepare for FINMA regulatory compliance,rock
743,Update code review guidelines,pebble
744,Watch stand-up comedy,sand
745,Develop patient triage tool,rock
746,Create team development plan,pebble
747,Organize desk organizers,sand
748,Optimize statistical market analysis,rock
749,Respond to non-critical alerts,pebble
750,Browse vacation photos,sand
751,Design clinical trial data management,rock
752,Test application scaling,pebble
753,Clean monitor screen,sand
754,Implement AIFMD reporting,rock
755,Update infrastructure runbook,pebble
756,Watch magic performances,sand
757,Develop predictive pandemic modeling,rock
758,Coordinate inclusion program,pebble
759,Organize gift bags,sand
760,Design quantitative portfolio construction,rock
761,Review database performance,pebble
762,Play mobile word game,sand
763,Implement real-time vital monitoring,rock
764,Test cold storage access,pebble
765,Delete old downloads,sand
766,Prepare for MAS regulatory audit,rock
767,Update team communication strategy,pebble
768,Scroll through Pinterest,sand
769,Develop EHR analytics platform,rock
770,Create post-incident improvement tracker,pebble
771,Organize winter gear,sand
772,Optimize momentum investing,rock
773,Write technical summary,pebble
774,Watch science documentaries,sand
775,Design blood oxygen monitoring,rock
776,Test data encryption implementation,pebble
777,Clean keyboard keys,sand
778,Implement SEC Rule 17a-4 compliance,rock
779,Update risk assessment process,pebble
780,Browse photography galleries,sand
781,Develop AI-powered depression screening,rock
782,Coordinate onboarding program,pebble
783,Organize tool storage,sand
784,Design quantitative factor analysis,rock
785,Review cloud resource management,pebble
786,Play mobile card collection game,sand
787,Implement HIPAA-compliant communication,rock
788,Test backup media integrity,pebble
789,Delete old notes,sand
790,Prepare for FCA regulatory review,rock
791,Update team vision document,pebble
792,Watch travel shows,sand
793,Develop patient discharge summary,rock
794,Create code documentation standard,pebble
795,Organize summer clothing,sand
796,Optimize statistical arbitrage strategy,rock
797,Respond to non-urgent communications,pebble
798,Browse art galleries,sand
799,Design clinical trial data collection,rock
800,Test application responsiveness,pebble
801,Clean mouse pad,sand
802,Implement MiCA compliance,rock
803,Update security awareness content,pebble
804,Watch unboxing videos,sand
805,Develop predictive health model,rock
806,Coordinate team event,pebble
807,Organize holiday decor,sand
808,Design quantitative market analysis,rock
809,Review database backup strategy,pebble
810,Play mobile racing,sand
811,Implement real-time insurance fraud system,rock
812,Test disaster recovery execution,pebble
813,Delete old bookmarks,sand
814,Prepare for HKMA regulatory compliance,rock
815,Update incident response documentation,pebble
816,Scroll through Instagram,sand
817,Develop e-prescribing system,rock
818,Create team knowledge system,pebble
819,Organize gift tags,sand
820,Optimize mean-reversion algorithm,rock
821,Write technical analysis,pebble
822,Watch cooking channels,sand
823,Design hospital asset tracking,rock
824,Test network configurations,pebble
825,Clean desk surface,sand
826,Implement Basel IV framework,rock
827,Update code quality dashboard,pebble
828,Browse fashion trends,sand
829,Develop predictive appointment model,rock
830,Coordinate mentorship program,pebble
831,Organize craft materials,sand
832,Design quantitative volatility assessment,rock
833,Review application logging,pebble
834,Play mobile strategy,sand
835,Implement medical imaging AI,rock
836,Test backup procedures,pebble
837,Delete old files,sand
838,Prepare for OSFI regulatory review,rock
839,Update team objectives,pebble
840,Watch wildlife documentaries,sand
841,Develop clinical trial supply management,rock
842,Create post-mortem report,pebble
843,Organize pantry,sand
844,Optimize statistical risk methodology,rock
845,Respond to team survey,pebble
846,Browse home design,sand
847,Design patient education content,rock
848,Test data replication,pebble
849,Clean water bottle,sand
850,Implement real-time payment fraud system,rock
851,Update release documentation,pebble
852,Watch movie analysis,sand
853,Develop epidemic prediction model,rock
854,Coordinate diversity program,pebble
855,Organize footwear,sand
856,Design quantitative yield forecasting,rock
857,Review cloud cost optimization,pebble
858,Play mobile puzzle game,sand
859,Implement HIPAA-compliant telehealth platform,rock
860,Test backup power,pebble
861,Delete old messages,sand
862,Prepare for CSSF regulatory audit,rock
863,Update team handbook,pebble
864,Scroll through Reddit,sand
865,Develop medication adherence system,rock
866,Create incident classification,pebble
867,Organize seasonal decor,sand
868,Optimize pairs trading,rock
869,Write technical best practices,pebble
870,Watch DIY videos,sand
871,Design clinical trial participant management,rock
872,Test network infrastructure,pebble
873,Clean computer components,sand
874,Implement real-time sanctions screening,rock
875,Update deployment guidelines,pebble
876,Browse recipe blogs,sand
877,Develop predictive nursing model,rock
878,Coordinate team appreciation,pebble
879,Organize bathroom items,sand
880,Design quantitative macro analysis,rock
881,Review API security,pebble
882,Play mobile RPG game,sand
883,Implement medical billing accuracy,rock
884,Test backup restoration,pebble
885,Delete old contacts,sand
886,Prepare for FINMA regulatory audit,rock
887,Update code review policy,pebble
888,Watch comedy clips,sand
889,Develop patient symptom analysis,rock
890,Create team training plan,pebble
891,Organize desk items,sand
892,Optimize statistical market analysis,rock
893,Respond to non-critical messages,pebble
894,Browse travel blogs,sand
895,Design clinical trial data integration,rock
896,Test application performance,pebble
897,Clean monitor,sand
898,Implement AIFMD compliance,rock
899,Update infrastructure plan,pebble
900,Watch magic tricks,sand
901,Develop predictive pandemic spread,rock
902,Coordinate inclusion initiative,pebble
903,Organize gift wrapping,sand
904,Design quantitative portfolio strategy,rock
905,Review database optimization,pebble
906,Play mobile word puzzle,sand
907,Implement real-time patient surveillance,rock
908,Test cold backup,pebble
909,Delete old downloads,sand
910,Prepare for MAS regulatory review,rock
911,Update team communication,pebble
912,Scroll through Pinterest,sand
913,Develop EHR data analytics,rock
914,Create post-incident action plan,pebble
915,Organize winter wear,sand
916,Optimize momentum trading,rock
917,Write technical overview,pebble
918,Watch science shows,sand
919,Design blood pressure system,rock
920,Test data encryption,pebble
921,Clean keyboard,sand
922,Implement SEC Rule 17a-3 compliance,rock
923,Update risk management,pebble
924,Browse photography,sand
925,Develop AI-powered mental health tool,rock
926,Coordinate onboarding,pebble
927,Organize tool storage,sand
928,Design quantitative factor model,rock
929,Review cloud resource allocation,pebble
930,Play mobile card game,sand
931,Implement HIPAA-compliant patient communication,rock
932,Test backup media,pebble
933,Delete old notes,sand
934,Prepare for FCA regulatory compliance,rock
935,Update team mission,pebble
936,Watch travel vlogs,sand
937,Develop patient discharge process,rock
938,Create code documentation,pebble
939,Organize summer wear,sand
940,Optimize statistical arbitrage,rock
941,Respond to non-urgent notifications,pebble
942,Browse art websites,sand
943,Design clinical trial data system,rock
944,Test application scaling,pebble
945,Clean mouse,sand
946,Implement MiCA compliance,rock
947,Update security training,pebble
948,Watch unboxing,sand
949,Develop predictive health risk model,rock
950,Coordinate team social,pebble
951,Organize holiday items,sand
952,Design quantitative market strategy,rock
953,Review database backup,pebble
954,Play mobile racing,sand
955,Implement real-time insurance fraud detection,rock
956,Test disaster recovery,pebble
957,Delete old bookmarks,sand
958,Prepare for HKMA regulatory audit,rock
959,Update incident management,pebble
960,Scroll through Facebook,sand
961,Develop e-prescribing integration,rock
962,Create team knowledge,pebble
963,Organize gift supplies,sand
964,Optimize mean-reversion model,rock
965,Write technical case,pebble
966,Watch cooking,sand
967,Design hospital equipment management,rock
968,Test network security,pebble
969,Clean desk,sand
970,Implement Basel IV compliance,rock
971,Update code quality,pebble
972,Browse fashion,sand
973,Develop predictive appointment system,rock
974,Coordinate mentorship,pebble
975,Organize craft,sand
976,Design quantitative volatility,rock
977,Review application monitoring,pebble
978,Play mobile strategy,sand
979,Implement medical image analysis,rock
980,Test backup,pebble
981,Delete old files,sand
982,Prepare for OSFI regulatory compliance,rock
983,Update team goals,pebble
984,Watch nature,sand
985,Develop clinical trial inventory,rock
986,Create post-mortem,pebble
987,Organize pantry,sand
988,Optimize statistical risk,rock
989,Respond to team,pebble
990,Browse home design,sand
991,Design patient education,rock
992,Test data sync,pebble
993,Clean water,sand
994,Implement real-time payment monitoring,rock
995,Update release,pebble
996,Watch film,sand
997,Develop epidemic model,rock
998,Coordinate diversity,pebble
999,Organize shoes,sand
1000,Design quantitative yield,rock
1001,Review cloud cost,pebble
1002,Play mobile puzzle,sand
1003,Implement HIPAA-compliant telehealth,rock
1004,Test backup power,pebble
1005,Delete old messages,sand
1006,Prepare for CSSF regulatory,rock
1007,Update team policies,pebble
1008,Scroll through Twitter,sand
1009,Develop medication system,rock
1010,Create incident framework,pebble
1011,Organize seasonal,sand
1012,Optimize pairs trading,rock
1013,Write technical guidelines,pebble
1014,Watch repair,sand
1015,Design clinical trial enrollment,rock
1016,Test network,pebble
1017,Clean computer,sand
1018,Implement real-time sanctions,rock
1019,Update deployment,pebble
1020,Browse cooking,sand
1021,Develop predictive nursing,rock
1022,Coordinate team recognition,pebble
1023,Organize bathroom,sand
1024,Design quantitative macro,rock
1025,Review API security,pebble
1026,Play mobile RPG,sand
1027,Implement medical coding,rock
1028,Test backup restoration,pebble
1029,Delete old contacts,sand
1030,Prepare for FINMA regulatory,rock
1031,Update code review,pebble
1032,Watch comedy,sand
1033,Develop patient triage,rock
1034,Create team development,pebble
1035,Organize desk,sand
1036,Optimize statistical market,rock
1037,Respond to non-critical,pebble
1038,Browse vacation,sand
1039,Design clinical trial data,rock
1040,Test application,pebble
1041,Clean monitor,sand
1042,Implement AIFMD,rock
1043,Update infrastructure,pebble
1044,Watch magic,sand
1045,Develop predictive pandemic,rock
1046,Coordinate inclusion,pebble
1047,Organize gift,sand
1048,Design quantitative portfolio,rock
1049,Review database,pebble
1050,Play mobile word,sand
1051,Implement real-time vital,rock
1052,Test cold storage,pebble
1053,Delete old downloads,sand
1054,Prepare for MAS regulatory,rock
1055,Update team communication,pebble
1056,Scroll through Pinterest,sand
1057,Develop EHR analytics,rock
1058,Create post-incident,pebble
1059,Organize winter,sand
1060,Optimize momentum,rock
1061,Write technical,pebble
1062,Watch science,sand
1063,Design blood monitoring,rock
1064,Test data encryption,pebble
1065,Clean keyboard,sand
1066,Implement SEC Rule,rock
1067,Update risk,pebble
1068,Browse photography,sand
1069,Develop AI-powered mental,rock
1070,Coordinate onboarding,pebble
1071,Organize tools,sand
1072,Design quantitative factor,rock
1073,Review cloud,pebble
1074,Play mobile card,sand
1075,Implement HIPAA-compliant,rock
1076,Test backup media,pebble
1077,Delete old notes,sand
1078,Prepare for FCA,rock
1079,Update team,pebble
1080,Watch travel,sand
1081,Develop patient discharge,rock
1082,Create code,pebble
1083,Organize summer,sand
1084,Optimize statistical,rock
1085,Respond to,pebble
1086,Browse art,sand
1087,Design clinical,rock
1088,Test app,pebble
1089,Clean mouse,sand
1090,Implement MiCA,rock
1091,Update security,pebble
1092,Watch unboxing,sand
1093,Develop predictive,rock
1094,Coordinate team,pebble
1095,Organize holiday,sand
1096,Design quantitative,rock
1097,Review database,pebble
1098,Play mobile,sand
1099,Implement real-time,rock
1100,Test disaster,pebble
1101,Delete old,sand
1102,Prepare for HKMA,rock
1103,Update incident,pebble
1104,Scroll through,sand
1105,Develop e-prescribing,rock
1106,Create team,pebble
1107,Organize gift,sand
1108,Optimize mean,rock
1109,Write technical,pebble
1110,Watch cooking,sand
1111,Design hospital,rock
1112,Test network,pebble
1113,Clean desk,sand
1114,Implement Basel,rock
1115,Update code,pebble
1116,Browse fashion,sand
1117,Develop predictive,rock
1118,Coordinate mentorship,pebble
1119,Organize craft,sand
1120,Design quantitative,rock
1121,Review app,pebble
1122,Play mobile,sand
1123,Implement medical,rock
1124,Test backup,pebble
1125,Delete old,sand
1126,Prepare for OSFI,rock
1127,Update team,pebble
1128,Watch nature,sand
1129,Develop clinical,rock
1130,Create post,pebble
1131,Organize pantry,sand
1132,Optimize statistical,rock
1133,Respond to,pebble
1134,Browse home,sand
1135,Design patient,rock
1136,Test data,pebble
1137,Clean water,sand
1138,Implement real-time,rock
1139,Update release,pebble
1140,Watch film,sand
1141,Develop epidemic,rock
1142,Coordinate diversity,pebble
1143,Organize shoes,sand
1144,Design quantitative,rock
1145,Review cloud,pebble
1146,Play mobile,sand
1147,Implement HIPAA,rock
1148,Test backup,pebble
1149,Delete old,sand
1150,Prepare for CSSF,rock
1151,Update team,pebble
1152,Scroll through,sand
1153,Develop medication,rock
1154,Create incident,pebble
1155,Organize seasonal,sand
1156,Optimize pairs,rock
1157,Write technical,pebble
1158,Watch repair,sand
1159,Design clinical,rock
1160,Test network,pebble
1161,Clean computer,sand
1162,Implement real-time,rock
1163,Update deployment,pebble
1164,Browse cooking,sand
1165,Develop predictive,rock
1166,Coordinate team,pebble
1167,Organize bathroom,sand
1168,Design quantitative,rock
1169,Review API,pebble
1170,Play mobile,sand
1171,Implement medical,rock
1172,Test backup,pebble
1173,Delete old,sand
1174,Prepare for FINMA,rock
1175,Update code,pebble
1176,Watch comedy,sand
1177,Develop patient,rock
1178,Create team,pebble
1179,Organize desk,sand
1180,Optimize statistical,rock
1181,Respond to,pebble
1182,Browse vacation,sand
1183,Design clinical,rock
1184,Test application,pebble
1185,Clean monitor,sand
1186,Implement AIFMD,rock
1187,Update infrastructure,pebble
1188,Watch magic,sand
1189,Develop predictive,rock
1190,Coordinate inclusion,pebble
1191,Organize gift,sand
1192,Design quantitative,rock
1193,Review database,pebble
1194,Play mobile,sand
1195,Implement real-time,rock
1196,Test cold,pebble
1197,Delete old,sand
1198,Prepare for MAS,rock
1199,Update team,pebble
1200,Scroll through,sand
1201,Develop EHR,rock
1202,Create post,pebble
1203,Organize winter,sand
1204,Optimize momentum,rock
1205,Write technical,pebble
1206,Watch science,sand
1207,Design blood,rock
1208,Test data,pebble
1209,Clean keyboard,sand
1210,Implement SEC,rock
1211,Update risk,pebble
1212,Browse photography,sand
1213,Develop AI-powered,rock
1214,Coordinate onboarding,pebble
1215,Organize tools,sand
1216,Design quantitative,rock
1217,Review cloud,pebble
1218,Play mobile,sand
1219,Implement HIPAA,rock
1220,Test backup,pebble
1221,Delete old,sand
1222,Prepare for FCA,rock
1223,Update team,pebble
1224,Watch travel,sand
1225,Develop patient,rock
1226,Create code,pebble
1227,Organize summer,sand
1228,Optimize statistical,rock
1229,Respond to,pebble
1230,Browse art,sand
1231,Design clinical,rock
1232,Test app,pebble
1233,Clean mouse,sand
1234,Implement MiCA,rock
1235,Update security,pebble
1236,Watch unboxing,sand
1237,Develop predictive,rock
1238,Coordinate team,pebble
1239,Organize holiday,sand
1240,Design quantitative,rock
1241,Review database,pebble
1242,Play mobile,sand
1243,Implement real-time,rock
1244,Test disaster,pebble
1245,Delete old,sand
1246,Prepare for HKMA,rock
1247,Update incident,pebble
1248,Scroll through,sand
1249,Develop e-prescribing,rock
1250,Create team,pebble
1251,Organize gift,sand
1252,Optimize mean,rock
1253,Write technical,pebble
1254,Watch cooking,sand
1255,Design hospital,rock
1256,Test network,pebble
1257,Clean desk,sand
1258,Implement Basel,rock
1259,Update code,pebble
1260,Browse fashion,sand
1261,Develop predictive,rock
1262,Coordinate mentorship,pebble
1263,Organize craft,sand
1264,Design quantitative,rock
1265,Review app,pebble
1266,Play mobile,sand
1267,Implement medical,rock
1268,Test backup,pebble
1269,Delete old,sand
1270,Prepare for OSFI,rock
1271,Update team,pebble
1272,Watch nature,sand
1273,Develop clinical,rock
1274,Create post,pebble
1275,Organize pantry,sand
1276,Optimize statistical,rock
1277,Respond to,pebble
1278,Browse home,sand
1279,Design patient,rock
1280,Test data,pebble
1281,Clean water,sand
1282,Implement real-time,rock
1283,Update release,pebble
1284,Watch film,sand
1285,Develop epidemic,rock
1286,Coordinate diversity,pebble
1287,Organize shoes,sand
1288,Design quantitative,rock
1289,Review cloud,pebble
1290,Play mobile,sand
1291,Implement HIPAA,rock
1292,Test backup,pebble
1293,Delete old,sand
1294,Prepare for CSSF,rock
1295,Update team,pebble
1296,Scroll through,sand
1297,Develop medication,rock
1298,Create incident,pebble
1299,Organize seasonal,sand
1300,Optimize pairs,rock
1301,Write technical,pebble
1302,Watch repair,sand
1303,Design clinical,rock
1304,Test network,pebble
1305,Clean computer,sand
1306,Implement real-time,rock
1307,Update deployment,pebble
1308,Browse cooking,sand
1309,Develop predictive,rock
1310,Coordinate team,pebble
1311,Organize bathroom,sand
1312,Design quantitative,rock
1313,Review API,pebble
1314,Play mobile,sand
1315,Implement medical,rock
1316,Test backup,pebble
1317,Delete old,sand
1318,Prepare for FINMA,rock
1319,Update code,pebble
1320,Watch comedy,sand
1321,Develop patient,rock
1322,Create team,pebble
1323,Organize desk,sand
1324,Optimize statistical,rock
1325,Respond to,pebble
1326,Browse vacation,sand
1327,Design clinical,rock
1328,Test application,pebble
1329,Clean monitor,sand
1330,Implement AIFMD,rock
1331,Update infrastructure,pebble
1332,Watch magic,sand
1333,Develop predictive,rock
1334,Coordinate inclusion,pebble
1335,Organize gift,sand
1336,Design quantitative,rock
1337,Review database,pebble
1338,Play mobile,sand
1339,Implement real-time,rock
1340,Test cold,pebble
1341,Delete old,sand
1342,Prepare for MAS,rock
1343,Update team,pebble
1344,Scroll through,sand
1345,Develop EHR,rock
1346,Create post,pebble
1347,Organize winter,sand
1348,Optimize momentum,rock
1349,Write technical,pebble
1350,Watch science,sand
1351,Design blood,rock
1352,Test data,pebble
1353,Clean keyboard,sand
1354,Implement SEC,rock
1355,Update risk,pebble
1356,Browse photography,sand
1357,Develop AI-powered,rock
1358,Coordinate onboarding,pebble
1359,Organize tools,sand
1360,Design quantitative,rock
1361,Review cloud,pebble
1362,Play mobile,sand
1363,Implement HIPAA,rock
1364,Test backup,pebble
1365,Delete old,sand
1366,Prepare for FCA,rock
1367,Update team,pebble
1368,Watch travel,sand
1369,Develop patient,rock
1370,Create code,pebble
1371,Organize summer,sand
1372,Optimize statistical,rock
1373,Respond to,pebble
1374,Browse art,sand
1375,Design clinical,rock
1376,Test app,pebble
1377,Clean mouse,sand
1378,Implement MiCA,rock
1379,Update security,pebble
1380,Watch unboxing,sand
1381,Develop predictive,rock
1382,Coordinate team,pebble
1383,Organize holiday,sand
1384,Design quantitative,rock
1385,Review database,pebble
1386,Play mobile,sand
1387,Implement real-time,rock
1388,Test disaster,pebble
1389,Delete old,sand
1390,Prepare for HKMA,rock
1391,Update incident,pebble
1392,Scroll through,sand
1393,Develop e-prescribing,rock
1394,Create team,pebble
1395,Organize gift,sand
1396,Optimize mean,rock
1397,Write technical,pebble
1398,Watch cooking,sand
1399,Design hospital,rock
1400,Test network,pebble
1401,Clean desk,sand
1402,Implement Basel,rock
1403,Update code,pebble
1404,Browse fashion,sand
1405,Develop predictive,rock
1406,Coordinate mentorship,pebble
1407,Organize craft,sand
1408,Design quantitative,rock
1409,Review app,pebble
1410,Play mobile,sand
1411,Implement medical,rock
1412,Test backup,pebble
1413,Delete old,sand
1414,Prepare for OSFI,rock
1415,Update team,pebble
1416,Watch nature,sand
1417,Develop clinical,rock
1418,Create post,pebble
1419,Organize pantry,sand
1420,Optimize statistical,rock
1421,Respond to,pebble
1422,Browse home,sand
1423,Design patient,rock
1424,Test data,pebble
1425,Clean water,sand
1426,Implement real-time,rock
1427,Update release,pebble
1428,Watch film,sand
1429,Develop epidemic,rock
1430,Coordinate diversity,pebble
1431,Organize shoes,sand
1432,Design quantitative,rock
1433,Review cloud,pebble
1434,Play mobile,sand
1435,Implement HIPAA,rock
1436,Test backup,pebble
1437,Delete old,sand
1438,Prepare for CSSF,rock
1439,Update team,pebble
1440,Scroll through,sand
1441,Develop medication,rock
1442,Create incident,pebble
1443,Organize seasonal,sand
1444,Optimize pairs,rock
1445,Write technical,pebble
1446,Watch repair,sand
1447,Design clinical,rock
1448,Test network,pebble
1449,Clean computer,sand
1450,Implement real-time,rock
1451,Update deployment,pebble
1452,Browse cooking,sand
1453,Develop predictive,rock
1454,Coordinate team,pebble
1455,Organize bathroom,sand
1456,Design quantitative,rock
1457,Review API,pebble
1458,Play mobile,sand
1459,Implement medical,rock
1460,Test backup,pebble
1461,Delete old,sand
1462,Prepare for FINMA,rock
1463,Update code,pebble
1464,Watch comedy,sand
1465,Develop patient,rock
1466,Create team,pebble
1467,Organize desk,sand
1468,Optimize statistical,rock
1469,Respond to,pebble
1470,Browse vacation,sand
1471,Design clinical,rock
1472,Test application,pebble
1473,Clean monitor,sand
1474,Implement AIFMD,rock
1475,Update infrastructure,pebble
1476,Watch magic,sand
1477,Develop predictive,rock
1478,Coordinate inclusion,pebble
1479,Organize gift,sand
1480,Design quantitative,rock
1481,Review database,pebble
1482,Play mobile,sand
1483,Implement real-time,rock
1484,Test cold,pebble
1485,Delete old,sand
1486,Prepare for MAS,rock
1487,Update team,pebble
1488,Scroll through,sand
1489,Develop EHR,rock
1490,Create post,pebble
1491,Organize winter,sand
1492,Optimize momentum,rock
1493,Write technical,pebble
1494,Watch science,sand
1495,Design blood,rock
1496,Test data,pebble
1497,Clean keyboard,sand
1498,Implement SEC,rock
1499,Update risk,pebble
1500,Browse photography,sand
1501,Develop AI-powered,rock
1502,Coordinate onboarding,pebble
1503,Organize tools,sand
1504,Design quantitative,rock
1505,Review cloud,pebble
1506,Play mobile,sand
1507,Implement HIPAA,rock
1508,Test backup,pebble
1509,Delete old,sand
1510,Prepare for FCA,rock
1511,Update team,pebble
1512,Watch travel,sand
1513,Develop patient,rock
1514,Create code,pebble
1515,Organize summer,sand
1516,Optimize statistical,rock
1517,Respond to,pebble
1518,Browse art,sand
1519,Design clinical,rock
1520,Test app,pebble
1521,Clean mouse,sand
1522,Implement MiCA,rock
1523,Update security,pebble
1524,Watch unboxing,sand
1525,Develop predictive,rock
1526,Coordinate team,pebble
1527,Organize holiday,sand
1528,Design quantitative,rock
1529,Review database,pebble
1530,Play mobile,sand
1531,Implement real-time,rock
1532,Test disaster,pebble
1533,Delete old,sand
1534,Prepare for HKMA,rock
1535,Update incident,pebble
1536,Scroll through,sand
1537,Develop e-prescribing,rock
1538,Create team,pebble
1539,Organize gift,sand
1540,Optimize mean,rock
1541,Write technical,pebble
1542,Watch cooking,sand
1543,Design hospital,rock
1544,Test network,pebble
1545,Clean desk,sand
1546,Implement Basel,rock
1547,Update code,pebble
1548,Browse fashion,sand
1549,Develop predictive,rock
1550,Coordinate mentorship,pebble
1551,Organize craft,sand
1552,Design quantitative,rock
1553,Review app,pebble
1554,Play mobile,sand
1555,Implement medical,rock
1556,Test backup,pebble
1557,Delete old,sand
1558,Prepare for OSFI,rock
1559,Update team,pebble
1560,Watch nature,sand
1561,Develop clinical,rock
1562,Create post,pebble
1563,Organize pantry,sand
1564,Optimize statistical,rock
1565,Respond to,pebble
1566,Browse home,sand
1567,Design patient,rock
1568,Test data,pebble
1569,Clean water,sand
1570,Implement real-time,rock
1571,Update release,pebble
1572,Watch film,sand
1573,Develop epidemic,rock
1574,Coordinate diversity,pebble
1575,Organize shoes,sand
1576,Design quantitative,rock
1577,Review cloud,pebble
1578,Play mobile,sand
1579,Implement HIPAA,rock
1580,Test backup,pebble
1581,Delete old,sand
1582,Prepare for CSSF,rock
1583,Update team,pebble
1584,Scroll through,sand
1585,Develop medication,rock
1586,Create incident,pebble
1587,Organize seasonal,sand
1588,Optimize pairs,rock
1589,Write technical,pebble
1590,Watch repair,sand
1591,Design clinical,rock
1592,Test network,pebble
1593,Clean computer,sand
1594,Implement real-time,rock
1595,Update deployment,pebble
1596,Browse cooking,sand
1597,Develop predictive,rock
1598,Coordinate team,pebble
1599,Organize bathroom,sand
1600,Design quantitative,rock
1601,Review API,pebble
1602,Play mobile,sand
1603,Implement medical,rock
1604,Test backup,pebble
1605,Delete old,sand
1606,Prepare for FINMA,rock
1607,Update code,pebble
1608,Watch comedy,sand
1609,Develop patient,rock
1610,Create team,pebble
1611,Organize desk,sand
1612,Optimize statistical,rock
1613,Respond to,pebble
1614,Browse vacation,sand
1615,Design clinical,rock
1616,Test application,pebble
1617,Clean monitor,sand
1618,Implement AIFMD,rock
1619,Update infrastructure,pebble
1620,Watch magic,sand
1621,Develop predictive,rock
1622,Coordinate inclusion,pebble
1623,Organize gift,sand
1624,Design quantitative,rock
1625,Review database,pebble
1626,Play mobile,sand
1627,Implement real-time,rock
1628,Test cold,pebble
1629,Delete old,sand
1630,Prepare for MAS,rock
1631,Update team,pebble
1632,Scroll through,sand
1633,Develop EHR,rock
1634,Create post,pebble
1635,Organize winter,sand
1636,Optimize momentum,rock
1637,Write technical,pebble
1638,Watch science,sand
1639,Design blood,rock
1640,Test data,pebble
1641,Clean keyboard,sand
1642,Implement SEC,rock
1643,Update risk,pebble
1644,Browse photography,sand
1645,Develop AI-powered,rock
1646,Coordinate onboarding,pebble
1647,Organize tools,sand
1648,Design quantitative,rock
1649,Review cloud,pebble
1650,Play mobile,sand
1651,Implement HIPAA,rock
1652,Test backup,pebble
1653,Delete old,sand
1654,Prepare for FCA,rock
1655,Update team,pebble
1656,Watch travel,sand
1657,Develop patient,rock
1658,Create code,pebble
1659,Organize summer,sand
1660,Optimize statistical,rock
1661,Respond to,pebble
1662,Browse art,sand
1663,Design clinical,rock
1664,Test app,pebble
1665,Clean mouse,sand
1666,Implement MiCA,rock
1667,Update security,pebble
1668,Watch unboxing,sand
1669,Develop predictive,rock
1670,Coordinate team,pebble
1671,Organize holiday,sand
1672,Design quantitative,rock
1673,Review database,pebble
1674,Play mobile,sand
1675,Implement real-time,rock
1676,Test disaster,pebble
1677,Delete old,sand
1678,Prepare for HKMA,rock
1679,Update incident,pebble
1680,Scroll through,sand
1681,Develop e-prescribing,rock
1682,Create team,pebble
1683,Organize gift,sand
1684,Optimize mean,rock
1685,Write technical,pebble
1686,Watch cooking,sand
1687,Design hospital,rock
1688,Test network,pebble
1689,Clean desk,sand
1690,Implement Basel,rock
1691,Update code,pebble
1692,Browse fashion,sand
1693,Develop predictive,rock
1694,Coordinate mentorship,pebble
1695,Organize craft,sand
1696,Design quantitative,rock
1697,Review app,pebble
1698,Play mobile,sand
1699,Implement medical,rock
1700,Test backup,pebble
1701,Delete old,sand
1702,Prepare for OSFI,rock
1703,Update team,pebble
1704,Watch nature,sand
1705,Develop clinical,rock
1706,Create post,pebble
1707,Organize pantry,sand
1708,Optimize statistical,rock
1709,Respond to,pebble
1710,Browse home,sand
1711,Design patient,rock
1712,Test data,pebble
1713,Clean water,sand
1714,Implement real-time,rock
1715,Update release,pebble
1716,Watch film,sand
1717,Develop epidemic,rock
1718,Coordinate diversity,pebble
1719,Organize shoes,sand
1720,Design quantitative,rock
1721,Review cloud,pebble
1722,Play mobile,sand
1723,Implement HIPAA,rock
1724,Test backup,pebble
1725,Delete old,sand
1726,Prepare for CSSF,rock
1727,Update team,pebble
1728,Scroll through,sand
1729,Develop medication,rock
1730,Create incident,pebble
1731,Organize seasonal,sand
1732,Optimize pairs,rock
1733,Write technical,pebble
1734,Watch repair,sand
1735,Design clinical,rock
1736,Test network,pebble
1737,Clean computer,sand
1738,Implement real-time,rock
1739,Update deployment,pebble
1740,Browse cooking,sand
1741,Develop predictive,rock
1742,Coordinate team,pebble
1743,Organize bathroom,sand
1744,Design quantitative,rock
1745,Review API,pebble
1746,Play mobile,sand
1747,Implement medical,rock
1748,Test backup,pebble
1749,Delete old,sand
1750,Prepare for FINMA,rock
1751,Update code,pebble
1752,Watch comedy,sand
1753,Develop patient,rock
1754,Create team,pebble
1755,Organize desk,sand
1756,Optimize statistical,rock
1757,Respond to,pebble
1758,Browse vacation,sand
1759,Design clinical,rock
1760,Test application,pebble
1761,Clean monitor,sand
1762,Implement AIFMD,rock
1763,Update infrastructure,pebble
1764,Watch magic,sand
1765,Develop predictive,rock
1766,Coordinate inclusion,pebble
1767,Organize gift,sand
1768,Design quantitative,rock
1769,Review database,pebble
1770,Play mobile,sand
1771,Implement real-time,rock
1772,Test cold,pebble
1773,Delete old,sand
1774,Prepare for MAS,rock
1775,Update team,pebble
1776,Scroll through,sand
1777,Develop EHR,rock
1778,Create post,pebble
1779,Organize winter,sand
1780,Optimize momentum,rock
1781,Write technical,pebble
1782,Watch science,sand
1783,Design blood,rock
1784,Test data,pebble
1785,Clean keyboard,sand
1786,Implement SEC,rock
1787,Update risk,pebble
1788,Browse photography,sand
1789,Develop AI-powered,rock
1790,Coordinate onboarding,pebble
1791,Organize tools,sand
1792,Design quantitative,rock
1793,Review cloud,pebble
1794,Play mobile,sand
1795,Implement HIPAA,rock
1796,Test backup,pebble
1797,Delete old,sand
1798,Prepare for FCA,rock
1799,Update team,pebble
1800,Watch travel,sand
1801,Develop patient,rock
1802,Create code,pebble
1803,Organize summer,sand
1804,Optimize statistical,rock
1805,Respond to,pebble
1806,Browse art,sand
1807,Design clinical,rock
1808,Test app,pebble
1809,Clean mouse,sand
1810,Implement MiCA,rock
1811,Update security,pebble
1812,Watch unboxing,sand
1813,Develop predictive,rock
1814,Coordinate team,pebble
1815,Organize holiday,sand
1816,Design quantitative,rock
1817,Review database,pebble
1818,Play mobile,sand
1819,Implement real-time,rock
1820,Test disaster,pebble
1821,Delete old,sand
1822,Prepare for HKMA,rock
1823,Update incident,pebble
1824,Scroll through,sand
1825,Develop e-prescribing,rock
1826,Create team,pebble
1827,Organize gift,sand
1828,Optimize mean,rock
1829,Write technical,pebble
1830,Watch cooking,sand
1831,Design hospital,rock
1832,Test network,pebble
1833,Clean desk,sand
1834,Implement Basel,rock
1835,Update code,pebble
1836,Browse fashion,sand
1837,Develop predictive,rock
1838,Coordinate mentorship,pebble
1839,Organize craft,sand
1840,Design quantitative,rock
1841,Review app,pebble
1842,Play mobile,sand
1843,Implement medical,rock
1844,Test backup,pebble
1845,Delete old,sand
1846,Prepare for OSFI,rock
1847,Update team,pebble
1848,Watch nature,sand
1849,Develop clinical,rock
1850,Create post,pebble
1851,Organize pantry,sand
1852,Optimize statistical,rock
1853,Respond to,pebble
1854,Browse home,sand
1855,Design patient,rock
1856,Test data,pebble
1857,Clean water,sand
1858,Implement real-time,rock
1859,Update release,pebble
1860,Watch film,sand
1861,Develop epidemic,rock
1862,Coordinate diversity,pebble
1863,Organize shoes,sand
1864,Design quantitative,rock
1865,Review cloud,pebble
1866,Play mobile,sand
1867,Implement HIPAA,rock
1868,Test backup,pebble
1869,Delete old,sand
1870,Prepare for CSSF,rock
1871,Update team,pebble
1872,Scroll through,sand
1873,Develop medication,rock
1874,Create incident,pebble
1875,Organize seasonal,sand
1876,Optimize pairs,rock
1877,Write technical,pebble
1878,Watch repair,sand
1879,Design clinical,rock
1880,Test network,pebble
1881,Clean computer,sand
1882,Implement real-time,rock
1883,Update deployment,pebble
1884,Browse cooking,sand
1885,Develop predictive,rock
1886,Coordinate team,pebble
1887,Organize bathroom,sand
1888,Design quantitative,rock
1889,Review API,pebble
1890,Play mobile,sand
1891,Implement medical,rock
1892,Test backup,pebble
1893,Delete old,sand
1894,Prepare for FINMA,rock
1895,Update code,pebble
1896,Watch comedy,sand
1897,Develop patient,rock
1898,Create team,pebble
1899,Organize desk,sand
1900,Optimize statistical,rock
1901,Respond to,pebble
1902,Browse vacation,sand
1903,Design clinical,rock
1904,Test application,pebble
1905,Clean monitor,sand
1906,Implement AIFMD,rock
1907,Update infrastructure,pebble
1908,Watch magic,sand
1909,Develop predictive,rock
1910,Coordinate inclusion,pebble
1911,Organize gift,sand
1912,Design quantitative,rock
1913,Review database,pebble
1914,Play mobile,sand
1915,Implement real-time,rock
1916,Test cold,pebble
1917,Delete old,sand
1918,Prepare for MAS,rock
1919,Update team,pebble
1920,Scroll through,sand
1921,Develop EHR,rock
1922,Create post,pebble
1923,Organize winter,sand
1924,Optimize momentum,rock
1925,Write technical,pebble
1926,Watch science,sand
1927,Design blood,rock
1928,Test data,pebble
1929,Clean keyboard,sand
1930,Implement SEC,rock
1931,Update risk,pebble
1932,Browse photography,sand
1933,Develop AI-powered,rock
1934,Coordinate onboarding,pebble
1935,Organize tools,sand
1936,Design quantitative,rock
1937,Review cloud,pebble
1938,Play mobile,sand
1939,Implement HIPAA,rock
1940,Test backup,pebble
1941,Delete old,sand
1942,Prepare for FCA,rock
1943,Update team,pebble
1944,Watch travel,sand
1945,Develop patient,rock
1946,Create code,pebble
1947,Organize summer,sand
1948,Optimize statistical,rock
1949,Respond to,pebble
1950,Browse art,sand
1951,Design clinical,rock
1952,Test app,pebble
1953,Clean mouse,sand
1954,Implement MiCA,rock
1955,Update security,pebble
1956,Watch unboxing,sand
1957,Develop predictive,rock
1958,Coordinate team,pebble
1959,Organize holiday,sand
1960,Design quantitative,rock
1961,Review database,pebble
1962,Play mobile,sand
1963,Implement real-time,rock
1964,Test disaster,pebble
1965,Delete old,sand
1966,Prepare for HKMA,rock
1967,Update incident,pebble
1968,Scroll through,sand
1969,Develop e-prescribing,rock
1970,Create team,pebble
1971,Organize gift,sand
1972,Optimize mean,rock
1973,Write technical,pebble
1974,Watch cooking,sand
1975,Design hospital,rock
1976,Test network,pebble
1977,Clean desk,sand
1978,Implement Basel,rock
1979,Update code,pebble
1980,Browse fashion,sand
1981,Develop predictive,rock
1982,Coordinate mentorship,pebble
1983,Organize craft,sand
1984,Design quantitative,rock
1985,Review app,pebble
1986,Play mobile,sand
1987,Implement medical,rock
1988,Test backup,pebble
1989,Delete old,sand
1990,Prepare for OSFI,rock
1991,Update team,pebble
1992,Watch nature,sand
1993,Develop clinical,rock
1994,Create post,pebble
1995,Organize pantry,sand
1996,Optimize statistical,rock
1997,Respond to,pebble
1998,Browse home,sand
1999,Design patient,rock
2000,Test data,pebble
2001,Watch Twitch live streams,sand
2002,Design email template for marketing campaign,sand
2003,Implement new font selection for blog,pebble
2004,Test emergency shutdown procedure for nuclear plant,rock
2005,Update CEO's presentation for investor meeting,rock
2006,Clean production database before migration,rock
2007,Refactor non-essential UI animation,pebble
2008,Develop marketing materials for product launch,pebble
2009,Optimize color scheme for website redesign,sand
2010,Design user interface mockups for internal tool,pebble
2011,Implement minor bug fix in test environment,pebble
2012,Test login functionality for banking application,rock
2013,Update documentation for minor API change,pebble
2014,Clean development environment after testing,sand
2015,Refactor critical security authentication module,rock
2016,Develop core algorithm for autonomous vehicles,rock
2017,Optimize database query performance for analytics,rock
2018,Design database schema for new fintech platform,rock
2019,Design database schema for internal team tool,pebble
2020,Test login functionality for internal admin panel,pebble
2021,Implement HIPAA-compliant messaging platform,rock
2022,Implement standard messaging platform for chat,pebble
2023,Develop fraud detection algorithm for payments,rock
2024,Develop UI component library for design system,pebble
2025,Optimize tax calculation system for enterprise,rock
2026,Optimize button animation for mobile app,pebble
2027,Don't implement new feature until Q3 board approval,rock
2028,Skip security audit despite compliance requirements,rock
2029,Avoid browsing social media during critical work hours,sand
2030,"If budget allows, implement new search functionality",rock
2031,"Unless performance issues exist, update UI framework",pebble
2032,"When deadline approaches, prioritize critical bug fixes",rock
2033,Don't design database schema without requirements,rock
2034,Only implement new feature if user testing successful,pebble
2035,Design curriculum for machine learning course,rock
2036,Create syllabus for advanced mathematics course,pebble
2037,Grade weekly programming assignments,sand
2038,Develop student information system for university,rock
2039,Update course materials for fall semester,pebble
2040,Organize classroom supplies before semester start,sand
2041,Implement new inventory management system for retail,rock
2042,Update product catalog with seasonal items,pebble
2043,Restock shelves before store opening,sand
2044,Design POS system integration for chain stores,rock
2045,Test checkout process for e-commerce platform,pebble
2046,Clean store windows for grand opening,sand
2047,Design irrigation system for large farm,rock
2048,Check soil moisture levels in experimental plots,pebble
2049,Water plants in greenhouse,sand
2050,Implement IoT crop monitoring system,rock
2051,Update planting schedule based on weather,pebble
2052,Organize gardening tools in shed,sand
2053,Create documentation for new internal API,pebble
2054,Create critical security documentation for compliance,rock
2055,Review code changes for minor feature,pebble
2056,Review security-critical code changes for banking app,rock
2057,Update user interface for better accessibility,pebble
2058,Update user authentication system with MFA,rock
2059,Test backup procedures for data integrity,pebble
2060,Test disaster recovery plan for data center,rock
2061,Design system for handling protected health information,rock
2062,Design system for handling non-sensitive user data,pebble
2063,Implement FATF travel rule compliance for crypto,rock
2064,Implement standard transaction logging for app,pebble
2065,Develop predictive disease outbreak model,rock
2066,Develop UI for disease tracking dashboard,pebble
2067,Optimize hedge fund liquidity risk model,rock
2068,Optimize report formatting for monthly reviews,pebble
2069,Design compliance framework for financial institution,rock
2070,Design newsletter template for marketing,sand
2071,Implement real-time chat for customer support,pebble
2072,Test nuclear reactor safety systems,rock
2073,Update executive briefing materials,rock
2074,Clean financial database before audit,rock
2075,Refactor legacy payment processing code,rock
2076,Develop AI model for cancer detection,rock
2077,Optimize website loading speed for e-commerce,rock
2078,Design logo for new product line,sand
2079,Implement dark mode toggle for website,pebble
2080,Test video streaming quality for media platform,pebble
2081,Update employee directory with new hires,pebble
2082,Clean office kitchen after lunch,sand
2083,Refactor CSS styles for consistency,pebble
2084,Develop script for data migration,pebble
2085,Optimize image compression for faster loading,pebble
2086,Design evacuation plan for high-rise building,rock
2087,Design party invitations for team event,sand
2088,Implement two-factor authentication for all users,rock
2089,Implement new emoji reactions for chat app,pebble
2090,Test aircraft navigation systems,rock
2091,Test game mechanics for mobile game,pebble
2092,Update crisis management protocol,rock
2093,Update cafeteria menu for next week,pebble
2094,Clean surgical instruments before operation,rock
2095,Clean break room microwave,sand
2096,Refactor encryption algorithm for better security,rock
2097,Refactor comment sorting algorithm,pebble
2098,Develop earthquake early warning system,rock
2099,Develop recipe app for cooking enthusiasts,pebble
2100,Optimize supply chain for manufacturing,rock
2101,Optimize playlist generation for music app,pebble
2102,Don't deploy to production without approval,rock
2103,Skip daily standup if no updates,pebble
2104,Avoid online shopping during work hours,sand
2105,"If system load high, scale up resources",rock
2106,"Unless critical, delay non-essential meetings",pebble
2107,"When server down, prioritize restoration",rock
2108,Don't process payments without verification,rock
2109,Only refactor code if tests pass,pebble
2110,Design training program for new employees,rock
2111,Create attendance sheet for workshop,pebble
2112,File completed paperwork,sand
2113,Develop competency assessment framework,rock
2114,Update training materials with new regulations,pebble
2115,Organize training room furniture,sand
2116,Implement CRM system for sales team,rock
2117,Update price tags for clearance items,pebble
2118,Arrange product displays for promotion,sand
2119,Design loyalty program for customers,rock
2120,Test payment processing for new region,pebble
2121,Dust retail shelves before inspection,sand
2122,Design automated harvesting system,rock
2123,Check pesticide levels in soil,pebble
2124,Weed vegetable garden,sand
2125,Implement drone-based crop monitoring,rock
2126,Update harvesting schedule based on yield,pebble
2127,Sharpen farming tools,sand
2128,Create user guide for internal tool,pebble
2129,Create incident response plan for cyber attacks,rock
2130,Review UI text changes for typo fixes,pebble
2131,Review cryptographic implementation for vulnerabilities,rock
2132,Update footer links on website,pebble
2133,Update encryption standards for data protection,rock
2134,Test backup generator for office building,pebble
2135,Test emergency response for natural disasters,rock
2136,Design system for classified government documents,rock
2137,Design system for public blog comments,pebble
2138,Implement PCI DSS compliance for e-commerce,rock
2139,Implement basic error logging for application,pebble
2140,Develop predictive maintenance for aircraft,rock
2141,Develop dashboard for maintenance scheduling,pebble
2142,Optimize trading algorithm for hedge fund,rock
2143,Optimize page layout for newsletter,pebble
2144,Design voting system for elections,rock
2145,Design birthday card for colleague,sand
2146,Implement biometric authentication for security,rock
2147,Implement new sound effects for game,pebble
2148,Test life support systems for spacecraft,rock
2149,Test character movement in video game,pebble
2150,Update emergency response protocol,rock
2151,Update team calendar with vacation dates,pebble
2152,Clean laboratory equipment for experiments,rock
2153,Clean whiteboards after meeting,sand
2154,Refactor database connection pooling,rock
2155,Refactor CSS class names for consistency,pebble
2156,Develop satellite communication system,rock
2157,Develop plugin for photo editing software,pebble
2158,Optimize logistics network for deliveries,rock
2159,Optimize font loading for website,pebble
2160,Don't bypass security protocols,rock
2161,Skip non-essential documentation,pebble
2162,Avoid personal calls during work,sand
2163,"If security breach detected, initiate lockdown",rock
2164,"Unless urgent, batch process minor requests",pebble
2165,"When performance degrades, investigate immediately",rock
2166,Don't access sensitive data without authorization,rock
2167,Only update dependencies after testing,pebble
2168,Design assessment framework for students,rock
2169,Create lesson plans for substitute teacher,pebble
2170,Sharpen pencils for classroom,sand
2171,Develop plagiarism detection system,rock
2172,Update assignment rubrics with new criteria,pebble
2173,Organize books in classroom library,sand
2174,Implement inventory tracking for warehouse,rock
2175,Update discount codes for promotions,pebble
2176,Arrange window display for holiday season,sand
2177,Design customer feedback system,rock
2178,Test shopping cart functionality,pebble
2179,Clean fitting rooms after busy day,sand
2180,Design genetic modification of crops,rock
2181,Check water pH levels in hydroponics,pebble
2182,Plant seeds in starter trays,sand
2183,Implement automated feeding system for livestock,rock
2184,Update fertilization schedule based on growth,pebble
2185,Clean animal enclosures,sand
2186,Create FAQ document for product,pebble
2187,Create business continuity plan for pandemic,rock
2188,Review color scheme changes for website,pebble
2189,Review network security configuration,rock
2190,Update social media profiles,pebble
2191,Update firewall rules for enhanced security,rock
2192,Test data recovery from backups,pebble
2193,Test emergency evacuation procedures,rock
2194,Design system for top-secret military communications,rock
2195,Design system for public event registration,pebble
2196,Implement GDPR compliance for user data,rock
2197,Implement basic analytics tracking for website,pebble
2198,Develop predictive model for stock market,rock
2199,Develop visualization for stock trends,pebble
2200,Optimize risk assessment for insurance,rock
2201,Optimize email template for marketing,pebble
2202,Design power grid management system,rock
2203,Design party decorations for office event,sand
2204,Implement zero-trust architecture for network,rock
2205,Implement new filters for photo app,pebble
2206,Test nuclear missile detection systems,rock
2207,Test game physics engine,pebble
2208,Update pandemic response plan,rock
2209,Update team lunch preferences,pebble
2210,Clean medical imaging equipment,rock
2211,Clean coffee machine in break room,sand
2212,Refactor memory management in core system,rock
2213,Refactor JavaScript for better performance,pebble
2214,Develop autonomous navigation for drones,rock
2215,Develop mobile game for entertainment,pebble
2216,Optimize energy distribution for city grid,rock
2217,Optimize CSS animations for smoothness,pebble
2218,Don't ignore security alerts,rock
2219,Skip optional training sessions,pebble
2220,Avoid streaming videos during work,sand
2221,"If data corruption detected, restore from backup",rock
2222,"Unless critical, defer minor UI improvements",pebble
2223,"When security vulnerability found, patch immediately",rock
2224,Don't share credentials with anyone,rock
2225,Only deploy during maintenance windows,pebble
2226,Design accreditation program for university,rock
2227,Create exam questions for final test,pebble
2228,Staple handouts for class,sand
2229,Develop adaptive learning platform,rock
2230,Update reading list with new publications,pebble
2231,Arrange chairs for guest speaker,sand
2232,Implement predictive ordering for inventory,rock
2233,Update seasonal decoration in store,pebble
2234,Polish jewelry display cases,sand
2235,Design customer retention program,rock
2236,Test website accessibility compliance,pebble
2237,Vacuum store aisles after closing,sand
2238,Design drought-resistant crop varieties,rock
2239,Check temperature in greenhouse,pebble
2240,Harvest ripe vegetables,sand
2241,Implement satellite imaging for crop health,rock
2242,Update irrigation schedule based on forecast,pebble
2243,Mend fences in pasture,sand
2244,Create style guide for documentation,pebble
2245,Create emergency response plan for earthquakes,rock
2246,Review font choices for presentation,pebble
2247,Review access control policies for security,rock
2248,Update team photos on website,pebble
2249,Update antivirus definitions on all systems,rock
2250,Test failover to secondary data center,pebble
2251,Test emergency communication systems,rock
2252,Design system for nuclear launch codes,rock
2253,Design system for restaurant reservations,pebble
2254,Implement SOX compliance for financial reporting,rock
2255,Implement basic caching for website performance,pebble
2256,Develop climate change prediction models,rock
2257,Develop weather visualization app,pebble
2258,Optimize investment portfolio for retirement,rock
2259,Optimize social media post scheduling,pebble
2260,Design air traffic control system,rock
2261,Design thank you cards for clients,sand
2262,Implement quantum-resistant cryptography,rock
2263,Implement new sticker pack for messaging app,pebble
2264,Test submarine navigation systems,rock
2265,Test virtual reality controls,pebble
2266,Update cybersecurity incident response plan,rock
2267,Update team birthday calendar,pebble
2268,Clean surgical operating rooms,rock
2269,Clean office refrigerator,sand
2270,Refactor core authentication service,rock
2271,Refactor HTML structure for semantic markup,pebble
2272,Develop renewable energy management system,rock
2273,Develop fitness tracking app,pebble
2274,Optimize public transportation routes,rock
2275,Optimize mobile app battery usage,pebble
2276,Don't disable security monitoring,rock
2277,Skip weekly status report if no progress,pebble
2278,Avoid personal social media during work,sand
2279,"If system compromised, disconnect from network",rock
2280,"Unless required, minimize meeting duration",pebble
2281,"When data breach occurs, notify authorities immediately",rock
2282,Don't store passwords in plain text,rock
2283,Only merge code after peer review,pebble
2284,Design certification program for professionals,rock
2285,Create homework assignments for students,pebble
2286,Distribute textbooks to classrooms,sand
2287,Develop virtual laboratory for science education,rock
2288,Update curriculum with latest research,pebble
2289,Clean science lab equipment,sand
2290,Implement AI-based demand forecasting,rock
2291,Update mannequin displays in store,pebble
2292,Restock fitting room supplies,sand
2293,Design omnichannel shopping experience,rock
2294,Test mobile app for shopping,pebble
2295,Clean store entrance windows,sand
2296,Design pest-resistant crop varieties,rock
2297,Check humidity levels in storage facility,pebble
2298,Prune fruit trees in orchard,sand
2299,Implement automated milking system for dairy,rock
2300,Update crop rotation plan,pebble
2301,Clean farming equipment after use,sand
2302,Create troubleshooting guide for IT support,pebble
2303,Create disaster recovery plan for hurricane,rock
2304,Review image selections for marketing materials,pebble
2305,Review security audit findings,rock
2306,Update office map with new locations,pebble
2307,Update intrusion detection system rules,rock
2308,Test backup internet connection,pebble
2309,Test emergency power systems for hospital,rock
2310,Design system for presidential communications,rock
2311,Design system for movie ticket booking,pebble
2312,Implement HIPAA compliance for telehealth,rock
2313,Implement basic search functionality for website,pebble
2314,Develop pandemic spread simulation model,rock
2315,Develop symptom checker UI for healthcare app,pebble
2316,Optimize algorithmic trading for high frequency,rock
2317,Optimize email newsletter layout,pebble
2318,Design water treatment facility management,rock
2319,Design holiday party invitations,sand
2320,Implement blockchain for supply chain transparency,rock
2321,Implement new achievement system for game,pebble
2322,Test emergency braking systems for trains,rock
2323,Test multiplayer server stability,pebble
2324,Update biosecurity protocol for laboratory,rock
2325,Update team skill inventory database,pebble
2326,Clean pharmaceutical manufacturing equipment,rock
2327,Clean office plants,sand
2328,Refactor distributed computing framework,rock
2329,Refactor JSON response format for API,pebble
2330,Develop smart city infrastructure platform,rock
2331,Develop meditation app for mindfulness,pebble
2332,Optimize waste management routes,rock
2333,Optimize video compression for streaming,pebble
2334,Don't violate compliance regulations,rock
2335,Skip optional team building activity,pebble
2336,Avoid online gaming during work hours,sand
2337,"If performance critical, optimize database indices",rock
2338,"Unless necessary, avoid disruptive changes",pebble
2339,"When privacy breach detected, contain immediately",rock
2340,Don't use deprecated encryption algorithms,rock
2341,Only approve expenses within budget,pebble
2342,Design professional development program,rock
2343,Create grading rubric for assignments,pebble
2344,File student records alphabetically,sand
2345,Develop language learning AI system,rock
2346,Update teaching methods with new pedagogy,pebble
2347,Organize art supplies in classroom,sand
2348,Implement RFID inventory tracking,rock
2349,Update digital signage in store,pebble
2350,Clean cash registers after shift,sand
2351,Design personalized shopping experience,rock
2352,Test mobile payment integration,pebble
2353,Dust light fixtures in store,sand
2354,Design flood-resistant rice varieties,rock
2355,Check nutrient levels in hydroponic solution,pebble
2356,Transplant seedlings to larger pots,sand
2357,Implement GPS tracking for livestock,rock
2358,Update pest management strategy,pebble
2359,Clean animal watering systems,sand
2360,Create knowledge base for customer support,pebble
2361,Create emergency response plan for floods,rock
2362,Review video edits for training material,pebble
2363,Review penetration test results,rock
2364,Update company holiday schedule,pebble
2365,Update data loss prevention policies,rock
2366,Test emergency lighting systems,pebble
2367,Test emergency medical response,rock
2368,Design system for diplomatic communications,rock
2369,Design system for hotel bookings,pebble
2370,Implement FedRAMP compliance for government cloud,rock
2371,Implement basic user profile functionality,pebble
2372,Develop hurricane prediction model,rock
2373,Develop storm tracking visualization,pebble
2374,Optimize credit risk assessment for loans,rock
2375,Optimize blog post formatting,pebble
2376,Design electrical grid failure prevention,rock
2377,Design team building activity,sand
2378,Implement homomorphic encryption for privacy,rock
2379,Implement new avatar customization for game,pebble
2380,Test aircraft black box systems,rock
2381,Test voice chat functionality,pebble
2382,Update chemical safety protocol,rock
2383,Update team project portfolio,pebble
2384,Clean cleanroom for semiconductor manufacturing,rock
2385,Clean office windows,sand
2386,Refactor machine learning training pipeline,rock
2387,Refactor API endpoint names for consistency,pebble
2388,Develop national cybersecurity defense system,rock
2389,Develop sleep tracking app,pebble
2390,Optimize emergency vehicle routing,rock
2391,Optimize mobile app startup time,pebble
2392,Don't bypass change control procedures,rock
2393,Skip non-essential team meeting,pebble
2394,Avoid personal email during work,sand
2395,"If revenue impacted, fix payment processing immediately",rock
2396,"Unless customer-facing, delay minor bug fixes",pebble
2397,"When compliance deadline approaches, prioritize documentation",rock
2398,Don't use default passwords,rock
2399,Only schedule meetings during core hours,pebble
2400,Design leadership training program,rock
2401,Create quiz questions for assessment,pebble
2402,Sharpen colored pencils for art class,sand
2403,Develop virtual reality education platform,rock
2404,Update lesson plans with interactive elements,pebble
2405,Clean musical instruments in classroom,sand
2406,Implement predictive analytics for sales,rock
2407,Update digital menu boards in restaurant,pebble
2408,Clean food preparation areas,sand
2409,Design customer loyalty app,rock
2410,Test contactless payment systems,pebble
2411,Polish floor in retail store,sand
2412,Design salt-tolerant crop varieties,rock
2413,Check oxygen levels in fish farm,pebble
2414,Net fish in aquaculture pond,sand
2415,Implement automated greenhouse control,rock
2416,Update livestock breeding records,pebble
2417,Clean animal feeding troughs,sand
2418,Create user manual for software,pebble
2419,Create emergency response plan for cyber attack,rock
2420,Review audio quality for podcast,pebble
2421,Review security camera footage,rock
2422,Update employee contact information,pebble
2423,Update data classification policy,rock
2424,Test emergency alert systems,pebble
2425,Test fire suppression systems,rock
2426,Design system for intelligence agency communications,rock
2427,Design system for ride-sharing app,pebble
2428,Implement NIST compliance for government systems,rock
2429,Implement basic notification system,pebble
2430,Develop earthquake early detection system,rock
2431,Develop seismic activity visualization,pebble
2432,Optimize insurance claim processing,rock
2433,Optimize social media profile,pebble
2434,Design dam safety monitoring system,rock
2435,Design retirement party decorations,sand
2436,Implement post-quantum cryptography,rock
2437,Implement new leaderboard system for game,pebble
2438,Test spacecraft life support systems,rock
2439,Test augmented reality features,pebble
2440,Update radiation safety protocol,rock
2441,Update team vacation calendar,pebble
2442,Clean biotechnology lab equipment,rock
2443,Clean office chairs,sand
2444,Refactor real-time data processing system,rock
2445,Refactor CSS for responsive design,pebble
2446,Develop national digital identity system,rock
2447,Develop habit tracking app,pebble
2448,Optimize ambulance dispatch system,rock
2449,Optimize website for search engines,pebble
2450,Don't ignore compliance requirements,rock
2451,Skip optional wellness program,pebble
2452,Avoid personal projects during work,sand
2453,"If patient safety at risk, address immediately",rock
2454,"Unless critical, batch process minor updates",pebble
2455,"When audit scheduled, prepare documentation",rock
2456,Don't store sensitive data unencrypted,rock
2457,Only make changes during change windows,pebble
2458,Design executive education program,rock
2459,Create study guides for exam preparation,pebble
2460,Organize classroom desks for group work,sand
2461,Develop AI-powered tutoring system,rock
2462,Update course evaluation forms,pebble
2463,Clean whiteboards in lecture halls,sand
2464,Implement supply chain visibility platform,rock
2465,Update digital price tags in store,pebble
2466,Clean shopping carts,sand
2467,Design virtual try-on for fashion retail,rock
2468,Test biometric payment authentication,pebble
2469,Restock bathroom supplies in store,sand
2470,Design heat-tolerant crop varieties,rock
2471,Check water quality in aquaculture,pebble
2472,Sort harvested produce by quality,sand
2473,Implement drone-based pesticide application,rock
2474,Update organic certification documentation,pebble
2475,Clean honey extraction equipment,sand
2476,Create API documentation for developers,pebble
2477,Create emergency response plan for terrorism,rock
2478,Review translation accuracy for documentation,pebble
2479,Review security access logs,rock
2480,Update company organizational chart,pebble
2481,Update security awareness training content,rock
2482,Test emergency communication devices,pebble
2483,Test emergency oxygen systems in aircraft,rock
2484,Design system for central bank communications,rock
2485,Design system for food delivery app,pebble
2486,Implement FISMA compliance for government data,rock
2487,Implement basic user authentication,pebble
2488,Develop tsunami warning system,rock
2489,Develop ocean current visualization,pebble
2490,Optimize fraud detection for credit cards,rock
2491,Optimize podcast episode descriptions,pebble
2492,Design nuclear reactor safety systems,rock
2493,Design welcome banners for new employees,sand
2494,Implement differential privacy for data analysis,rock
2495,Implement new particle effects for game,pebble
2496,Test missile defense systems,rock
2497,Test gesture controls for VR,pebble
2498,Update biosafety protocol for lab,rock
2499,Update team skill assessment,pebble
2500,Clean nanotechnology research equipment,rock